-- MySQL dump 10.13  Distrib 8.0.31, for Win64 (x86_64)
--
-- Host: localhost    Database: recordsapp
-- ------------------------------------------------------
-- Server version	8.0.31

/*!40101 SET @OLD_CHARACTER_SET_CLIENT=@@CHARACTER_SET_CLIENT */;
/*!40101 SET @OLD_CHARACTER_SET_RESULTS=@@CHARACTER_SET_RESULTS */;
/*!40101 SET @OLD_COLLATION_CONNECTION=@@COLLATION_CONNECTION */;
/*!50503 SET NAMES utf8 */;
/*!40103 SET @OLD_TIME_ZONE=@@TIME_ZONE */;
/*!40103 SET TIME_ZONE='+00:00' */;
/*!40014 SET @OLD_UNIQUE_CHECKS=@@UNIQUE_CHECKS, UNIQUE_CHECKS=0 */;
/*!40014 SET @OLD_FOREIGN_KEY_CHECKS=@@FOREIGN_KEY_CHECKS, FOREIGN_KEY_CHECKS=0 */;
/*!40101 SET @OLD_SQL_MODE=@@SQL_MODE, SQL_MODE='NO_AUTO_VALUE_ON_ZERO' */;
/*!40111 SET @OLD_SQL_NOTES=@@SQL_NOTES, SQL_NOTES=0 */;

--
-- Table structure for table `employee`
--

DROP TABLE IF EXISTS `employee`;
/*!40101 SET @saved_cs_client     = @@character_set_client */;
/*!50503 SET character_set_client = utf8mb4 */;
CREATE TABLE `employee` (
  `id` int NOT NULL AUTO_INCREMENT,
  `lastname` varchar(45) NOT NULL,
  `firstname` varchar(45) NOT NULL,
  `office_id` int NOT NULL,
  `address` varchar(100) DEFAULT NULL,
  PRIMARY KEY (`id`)
) ENGINE=InnoDB AUTO_INCREMENT=201 DEFAULT CHARSET=utf8mb4 COLLATE=utf8mb4_0900_ai_ci;
/*!40101 SET character_set_client = @saved_cs_client */;

--
-- Dumping data for table `employee`
--

LOCK TABLES `employee` WRITE;
/*!40000 ALTER TABLE `employee` DISABLE KEYS */;
INSERT INTO `employee` VALUES (1,'Doe','Jane',3,'PPC'),(2,'Doe','John',1,'Roxas'),(3,'Reid','Spence',1,NULL),(4,'Martinez','Kristine Joy',3,''),(5,'demo','demo',2,''),(6,'Armstrong','Payton',3,'75116 Medhurst Loaf Apt. 154\nAmaliaville, UT 98961'),(7,'Zboncak','Manuel',6,'858 Brendan Lights\nMarleeview, MT 18524'),(8,'Hand','Asia',4,'706 Keeling Place\nNew Milan, NH 86514'),(9,'Bechtelar','Nichole',4,'544 Bryon Cape Apt. 581\nWisozkland, WV 24995'),(10,'Nitzsche','Gerardo',6,'418 Josh Flat Apt. 026\nRohanberg, CT 60313-8793'),(11,'Lubowitz','Mae',6,'795 Green Villages\nHudsonburgh, AK 77846-5908'),(12,'Feil','Marlon',7,'575 Edgardo Station\nPort Dorotheaberg, OK 74186'),(13,'Kertzmann','Johnnie',7,'52984 Green Walk\nEast Tyresehaven, IL 87428'),(14,'McDermott','Shakira',7,'558 Gulgowski Loop\nWest Ettie, DE 44009-4427'),(15,'Kohler','Kendra',1,'115 Howell Station\nNorth Roel, ID 57330-0309'),(16,'Schuster','Kyle',9,'662 Davis Ferry Apt. 454\nLake Lillianaville, IN 94187-3207'),(17,'Koelpin','Grayce',1,'3027 Anderson Landing\nOberbrunnerland, NH 61744'),(18,'Rippin','Otho',5,'36650 Keon Causeway Apt. 370\nEast Selenaland, AR 53250-2816'),(19,'Quigley','Kevon',9,'731 Gleichner Meadows Apt. 706\nNew Maximilian, VT 83049-5201'),(20,'Breitenberg','Theodore',1,'2891 Adolfo Canyon Suite 808\nPort Anibalshire, MO 21196'),(21,'Davis','Zechariah',9,'2120 Will Vista\nCeciliaville, LA 30597-6203'),(22,'Altenwerth','Norval',9,'1739 Treutel Brook Suite 168\nSchulistton, IN 12986'),(23,'Bayer','Mauricio',3,'923 Maximillia Field\nLegrosview, NM 30972-9444'),(24,'Schoen','Adele',7,'586 Blick Village\nEmmanuellemouth, AL 76830'),(25,'Carter','Elijah',8,'23015 Leanne Fork Apt. 459\nKarlieburgh, MI 76714'),(26,'Fisher','Lia',6,'456 Crist Flat Apt. 156\nWymanborough, AL 09338-9094'),(27,'Russel','Camden',3,'7322 Boehm Junctions Apt. 627\nLelahtown, RI 22748'),(28,'Reinger','Litzy',5,'23319 Batz Court Suite 186\nNew Darryl, SD 87010'),(29,'Koch','Kasandra',3,'3358 Korey Trail Suite 930\nRoweshire, DC 09937'),(30,'Crona','Leland',1,'21711 Estel Locks Suite 677\nKadeberg, OR 45443'),(31,'Heaney','Ofelia',5,'90111 Schroeder Hollow\nOrlandview, CA 46672-3604'),(32,'Nader','Hadley',6,'608 Ruthie Shoals\nKoeppfort, NJ 25351-6146'),(33,'Nikolaus','Aniyah',5,'30688 Aylin Isle\nNew Laila, ND 77773'),(34,'Franecki','Orrin',6,'61606 Williamson Stravenue\nSporerside, AK 21986'),(35,'Borer','Catharine',4,'85936 McCullough Landing\nJordonfurt, MS 78507-2077'),(36,'Kub','Brenna',2,'753 Bryon Ridges\nSouth Williamstad, DE 11170-4222'),(37,'Bradtke','Hazel',7,'13084 Donavon Road Suite 961\nBoydfort, SC 81611'),(38,'Hauck','Marlene',2,'5537 Kirlin Wall Apt. 801\nConnhaven, HI 68743'),(39,'Ernser','Scotty',1,'3673 Justus Freeway Suite 434\nLake Lindastad, CT 00485'),(40,'Emard','Janick',4,'4602 Hartmann Via\nMorissettetown, LA 12421-5954'),(41,'Cassin','Royal',6,'5529 Herman Estate Apt. 142\nSouth Althea, CO 11613-1136'),(42,'Simonis','Ephraim',1,'7508 Harvey Orchard\nNorth Enatown, DE 95616'),(43,'Muller','Montana',5,'4463 Treutel Fields Suite 934\nPort Pietro, MI 86819-0975'),(44,'Champlin','Pedro',5,'83035 Hills Row Apt. 354\nWest Rowenahaven, WV 81924'),(45,'Ernser','Alden',5,'95843 Seamus Center\nTerrellville, VA 66380'),(46,'Kiehn','Maryse',9,'72988 Cordell Parkway Apt. 546\nNew Mckenna, HI 21115-5495'),(47,'Christiansen','Keshawn',8,'1070 Norene Stream\nNorth Travonville, SD 48921-6740'),(48,'Purdy','Roman',4,'733 Elmira Junction\nSouth Ines, TN 39059'),(49,'Hudson','Alberta',5,'3722 Heidenreich Plains Suite 554\nLake Magdalena, MT 12154'),(50,'Krajcik','Javonte',3,'78489 Muller Wall Apt. 895\nMcClurechester, AR 59745'),(51,'Gibson','Ciara',6,'95948 Langosh Hollow Apt. 571\nNorth Emelieside, NJ 22804'),(52,'Thompson','Reina',8,'461 Gottlieb Court Apt. 640\nTristianbury, IL 62805'),(53,'Sporer','Lavinia',8,'818 Schmitt Flat Apt. 763\nNorth Darius, MI 53582-3449'),(54,'Grant','Kennedi',9,'1869 Klocko Viaduct\nPort Frankieberg, OR 43485'),(55,'Turner','Freeda',2,'6925 Daugherty Views Apt. 881\nConroybury, VT 03683-7464'),(56,'Goldner','Rashawn',5,'9173 Hodkiewicz Point\nSouth Sasha, NM 51981'),(57,'Brekke','Kristofer',4,'407 Wiley Cliffs\nAnastasiamouth, CA 88314'),(58,'Graham','Raul',6,'662 Bogisich Track\nNorth Gerald, NY 70760-6801'),(59,'Nolan','Onie',5,'593 Johnston Ramp Apt. 134\nLake Dixie, TN 62834'),(60,'Herzog','Destiny',2,'8458 Maddison Spurs Apt. 008\nEast Guadalupe, LA 33517'),(61,'Moen','Nelda',2,'6349 Cleo Cove\nNew Mablemouth, GA 58134'),(62,'Lindgren','Elvie',2,'5524 Logan Plaza Suite 851\nTorphyhaven, MT 92530'),(63,'Hand','Winfield',4,'4300 Feeney Plains Apt. 983\nKautzermouth, AK 50491'),(64,'Oberbrunner','Jessyca',9,'72161 Elizabeth Island Apt. 724\nSalmaville, NJ 87433-9669'),(65,'Effertz','Deja',3,'4219 Julius Branch\nEast Gerardo, LA 16359-6430'),(66,'Stroman','Hosea',3,'52194 Joelle Mission Apt. 546\nEast Cloydchester, PA 05688-0183'),(67,'Treutel','Korbin',4,'37017 Lebsack Mews Suite 652\nSteuberhaven, OR 12573-0470'),(68,'Hudson','Summer',2,'7011 Rosemarie Knoll\nNew Elmoburgh, AL 71109'),(69,'Schowalter','Florida',8,'462 Amely Garden\nWeissnatchester, IA 01125'),(70,'Satterfield','Winona',4,'2282 Paula Turnpike Apt. 255\nLubowitzmouth, KS 81079-1300'),(71,'Kilback','Mark',9,'78969 Marilie Terrace Apt. 059\nGunnerfurt, IL 53074-3715'),(72,'Beier','Chelsey',9,'2752 Marlen Mount\nSouth Geoffreyview, TN 77661'),(73,'Walker','Randy',4,'50368 Emery Prairie Apt. 802\nBorertown, VT 83694'),(74,'Jaskolski','Dusty',2,'127 Shayne Freeway\nEast Chandlerview, VA 28054'),(75,'Walker','Hunter',5,'2363 Pinkie Loaf Apt. 104\nLake Bradford, NH 99878-9241'),(76,'Walker','Teresa',2,'4842 Sauer Viaduct Apt. 110\nEast Minervaport, IN 88306'),(77,'Langworth','Yvonne',3,'40269 Llewellyn Path Apt. 626\nMedhurstview, TX 21992-1991'),(78,'Yost','Mario',1,'91366 Streich Manor Suite 129\nPort Lylaside, MI 50255'),(79,'Hayes','Nicholaus',8,'92297 Dare Crescent Apt. 382\nCarrieport, SC 88373-5763'),(80,'Fahey','Jayda',6,'81045 Marquis Course\nLueilwitzmouth, WY 83008'),(81,'Schmidt','Donavon',2,'284 Johnson Ferry Suite 200\nNew Jesus, WY 73623-9283'),(82,'Johnson','Zella',6,'7194 Heathcote Ports Suite 934\nLake Valentin, WV 33119-1921'),(83,'Harris','Shanie',8,'35654 Hermann Stravenue\nCullenville, NC 38509'),(84,'Dare','Leslie',3,'128 Rau Mountains\nRunolfsdottirchester, MA 31808'),(85,'Breitenberg','Furman',6,'327 Schultz Rapids Apt. 013\nFionaport, NJ 81116'),(86,'Langosh','Raina',5,'178 Schiller Run Suite 474\nNorth Johnathonside, NE 03323-6859'),(87,'Gislason','Mona',1,'793 Manley Green\nKristabury, UT 18547'),(88,'Stiedemann','Ernestine',7,'40920 Tara Plains\nDanielborough, UT 10014'),(89,'Roob','Anais',8,'526 Romaguera Via Apt. 817\nWest Nicklaus, DE 09667'),(90,'Howe','Jaylon',3,'5199 Troy Lights\nEast Alessandra, MT 35406-6282'),(91,'Von','Lelia',5,'5038 Dibbert Spurs Apt. 459\nFunkfort, NV 59962'),(92,'Altenwerth','Nicholaus',3,'41789 Walter Track\nWest Gudrun, WI 80870'),(93,'Lemke','Reid',8,'3227 Shanel Unions\nWest Jabari, ID 87054'),(94,'Wisoky','Albertha',6,'5243 Carmelo Brook Apt. 875\nMillsland, WA 38885'),(95,'Denesik','Desmond',6,'8042 Kelsie Harbor\nLake Antwanberg, SC 92258-1757'),(96,'Ratke','Einar',3,'9172 Christine Valley Suite 716\nNew Zakary, VA 24220'),(97,'Kohler','Royal',8,'559 Ebert Common\nBartellhaven, MN 97765'),(98,'Lang','Brody',8,'95196 Chloe Ramp Apt. 088\nNorth Clemensland, MS 88267-4015'),(99,'Haag','Grady',9,'398 Johnston Ridge\nPort Iciestad, MT 98258'),(100,'Maggio','Monserrate',3,'401 Dusty Alley Apt. 030\nWolfshire, KY 34229'),(101,'Legros','Alexane',9,'9714 Josiah Radial\nNorth Chanelle, AK 22868'),(102,'Zieme','Krystel',3,'2516 Daren Grove Suite 067\nLarkinfurt, KS 66395'),(103,'Haag','Kristofer',3,'11768 Jensen Grove Suite 778\nShirleybury, AL 03892'),(104,'Wiza','Turner',9,'12545 Pink Unions Suite 833\nEast Virginia, NE 89594-4260'),(105,'Ledner','Janessa',4,'9772 Gleason Estate\nStoltenbergview, NM 74267'),(106,'Fahey','Marianne',6,'9449 Milan Summit\nSouth Gregorio, SC 14992'),(107,'Quitzon','Diamond',5,'98293 Stefanie Key\nArlenestad, NV 42485-6200'),(108,'Hill','Demario',4,'838 Buckridge Light\nAshleeborough, OH 45298-0134'),(109,'Vandervort','Elisa',1,'47817 Ila Manors Suite 557\nLake Laurychester, GA 42232'),(110,'Herman','Joyce',4,'122 Kim Flats\nSouth Judgehaven, SD 91626'),(111,'Stark','Pierre',3,'6994 Brant Terrace Apt. 904\nGenevievefurt, MO 85594-6735'),(112,'Quigley','Jadyn',5,'31075 Ashtyn Drive\nMargehaven, MO 10742'),(113,'Johnston','Clarissa',9,'65685 Serena Branch\nAshleeborough, IN 04308-1340'),(114,'Purdy','Nannie',2,'47650 Daugherty Glen Suite 784\nBellside, NY 86591-0973'),(115,'Langworth','Pansy',5,'96479 Bell Station\nPort Carter, UT 92146-9729'),(116,'Satterfield','Jazlyn',6,'654 Araceli Center\nNorth Adolf, ME 02831'),(117,'Reilly','Ivy',3,'5918 Koss Unions Apt. 461\nDejuanhaven, DE 54870'),(118,'McClure','Quinten',1,'952 Alanis Island\nJevonfurt, VA 43703'),(119,'Torp','Maurine',5,'937 Zena Springs\nEloyberg, NM 33747'),(120,'Langworth','Oren',9,'404 Olson Center Suite 295\nEbertchester, AR 39366-1847'),(121,'Jacobs','Kiarra',7,'2423 Joanny Brooks Apt. 172\nJanaburgh, KS 10256-4832'),(122,'Borer','Jared',5,'18528 Littel Hills\nEast Kavon, DC 26536-8994'),(123,'Ruecker','Jesse',9,'18597 Bailee Glen\nEmmanuelleville, CA 97918-2423'),(124,'Herzog','Ozella',8,'1423 Chaya Camp\nAlfredofort, RI 17966'),(125,'Mitchell','Mackenzie',3,'438 Gaylord Lane\nWest Berenicefort, ID 27781'),(126,'Nitzsche','Fred',7,'3244 Wisozk Walks Suite 272\nDaijaville, NJ 04033-3614'),(127,'Cormier','Francesco',7,'79522 Hope Village\nGaylordtown, OK 88678'),(128,'Harvey','Rubie',4,'529 Connelly Shoal Suite 261\nLake Fredy, RI 38621-4906'),(129,'Roob','Eula',4,'97879 Moen Avenue Suite 094\nJeramybury, MD 35691'),(130,'Davis','Macie',1,'7363 Cronin Plains Apt. 023\nLudwigfurt, OH 21688-2843'),(131,'Marquardt','Ed',3,'292 Jovany Ridge\nSipesville, UT 16697'),(132,'Hickle','Jeff',6,'868 Schneider Isle Suite 077\nWest Neldaborough, ME 18066'),(133,'Rutherford','Breana',6,'53701 Nyasia Cliff\nWest Kayley, NM 90244-1751'),(134,'Bergnaum','Ollie',9,'1266 Tevin Locks\nKingfort, AZ 88130-9791'),(135,'Farrell','Alexandrea',9,'1688 Norris Road\nCormierton, MD 14900-9667'),(136,'Reynolds','Seamus',2,'729 King Shoal\nPort Rowanburgh, OR 10268'),(137,'Schowalter','Muriel',8,'4574 Maiya Landing Suite 080\nJacobsonberg, NY 67643-2055'),(138,'Thompson','Deontae',6,'924 Nicolas Stream\nPort Barney, CT 12938-8878'),(139,'Predovic','Rod',4,'880 Deion Parkway\nRetamouth, AR 92360'),(140,'Grimes','Kim',3,'4156 Marquardt Court Suite 142\nNorth Tanner, NH 40677-8184'),(141,'Windler','Jamal',2,'67521 Collier Loop\nMackenzieshire, NY 75841'),(142,'Russel','Jacynthe',8,'341 Monserrate Place\nGreenholtfurt, OH 36849'),(143,'Terry','Rosa',2,'171 Nicklaus Flats Apt. 856\nOlgastad, NM 55768'),(144,'Goodwin','Madelyn',5,'87448 Frami Stream Apt. 000\nSouth Rickmouth, ND 56533-8716'),(145,'Haag','Vladimir',2,'532 Demarcus Coves\nLake Floside, WI 30912'),(146,'Harber','Emmalee',7,'8626 Kunde Plaza Apt. 105\nWest Eldon, VT 82909-5961'),(147,'Anderson','Macy',9,'4009 Swaniawski Viaduct\nNew Alfview, TX 57657-9779'),(148,'Terry','Dion',7,'378 Gracie Rest\nAstridchester, OH 95383'),(149,'Ratke','Westley',3,'66759 Trantow River\nLindbury, TN 58880'),(150,'Trantow','Gia',6,'2824 Celine Hills Apt. 939\nKeithtown, ME 48510'),(151,'Mraz','Jewell',2,'879 Frami Port Suite 230\nEast Maryjane, AR 36647-2865'),(152,'Bailey','Ari',8,'23919 Nettie Village\nSawaynhaven, AZ 23453-6612'),(153,'Turner','Justen',8,'5188 McDermott Cove Apt. 184\nHesseltown, MD 47808'),(154,'Rice','Edgar',4,'76698 Kayden Creek Apt. 527\nPort Hans, OK 87426'),(155,'Kris','Litzy',8,'59316 Joanie Plains Apt. 094\nGertrudetown, LA 55446'),(156,'Bartell','Marisol',7,'309 Trantow Canyon\nLake Solonville, MD 64113-1300'),(157,'Rice','Kris',7,'618 Aufderhar Landing Apt. 670\nLake Fritz, WY 53054-0661'),(158,'Shields','Edwardo',3,'54857 Bernita Landing\nNew Elmore, MT 25544'),(159,'Muller','Lillian',1,'913 Lockman Valley Apt. 513\nPollichmouth, FL 98536'),(160,'Schultz','Ila',3,'404 Trinity Parkway\nWest Jovannyville, IA 05793'),(161,'Auer','Dulce',3,'2530 Felicita Glens\nWest Destinmouth, AR 24099'),(162,'Hamill','Berneice',7,'1196 McClure Street\nWest Annamarie, WI 40002'),(163,'Walter','Alyce',7,'756 Macejkovic Roads Suite 975\nFayfurt, VA 85877-2079'),(164,'Champlin','Niko',7,'4685 Schulist Locks\nWest Prudenceside, MA 28613-4152'),(165,'Carter','Oswaldo',5,'1348 Natalie Spring Apt. 264\nEast Mina, OK 75273-3537'),(166,'Bogisich','Lulu',7,'733 Kub Burg Suite 903\nEast Everardo, SD 63913'),(167,'Feil','Buster',5,'45114 Johns Light\nSchoenmouth, PA 28592-8010'),(168,'Sawayn','Camilla',5,'822 Kunde Springs Suite 767\nWest Lexiborough, OH 98798-8532'),(169,'Dickens','Micheal',1,'1266 Witting Ferry\nWest Liliana, OH 57548'),(170,'Wunsch','Schuyler',8,'76568 Farrell Cliffs\nWest Elise, MO 45569'),(171,'Lueilwitz','Norval',2,'515 Talon Island Suite 829\nHalvorsonside, IL 93120'),(172,'Jacobi','Telly',9,'49906 Shields Isle\nNew Katarina, IN 58520-6127'),(173,'Hayes','Antonio',2,'826 Runolfsdottir Mill Apt. 370\nKoeppstad, VT 05223'),(174,'Lebsack','Brandi',5,'9898 Glover Underpass Apt. 175\nEast Violette, DC 36181-0699'),(175,'Nader','Adrian',3,'58746 Yundt Pike\nLake Justenville, RI 28506-4020'),(176,'Anderson','Emmy',4,'236 Clement Ferry\nNew Garryfort, NH 76301-2401'),(177,'Gutkowski','Doyle',5,'17065 Blick Divide\nPriceshire, MS 07435-5868'),(178,'Breitenberg','Elouise',9,'237 Murray Ford Apt. 210\nNorbertoborough, HI 28616'),(179,'DuBuque','Kale',9,'3881 Vallie Court\nNorth Deshaunborough, MT 94910'),(180,'Gutmann','Nelson',9,'8773 Reed Road Suite 512\nJeffville, WI 77937-4074'),(181,'Kuphal','Hellen',6,'218 Strosin Parkway Suite 373\nRomanton, ME 52765-0304'),(182,'Schultz','Anahi',8,'34012 Toy Landing Apt. 176\nWest Sheldon, SC 27026'),(183,'Schroeder','Aurelia',5,'353 McKenzie Radial\nJillianshire, ID 78384-3126'),(184,'Schowalter','Elissa',8,'236 Carissa Field\nNew Earnestineton, NM 78859-6212'),(185,'Zemlak','Isaiah',6,'89312 Aufderhar River Suite 304\nSouth Floydtown, TX 39487'),(186,'Marks','Khalid',8,'547 Paucek Landing\nGerholdmouth, LA 54516'),(187,'Barton','Orpha',1,'525 Linnea Groves\nDeckowview, NJ 75040-7916'),(188,'Marquardt','Dewayne',5,'35651 Aufderhar Circles\nNew Florine, NC 06860'),(189,'Turner','Roger',6,'15041 Ismael Loaf Suite 365\nLake Joelletown, KS 04697'),(190,'Hill','Milford',6,'10396 White Villages Apt. 755\nWest Siennashire, KY 40873-1184'),(191,'Towne','Bernhard',6,'230 Verda Divide\nGreenfeldershire, MA 64579'),(192,'Durgan','Fredy',8,'60628 Jodie Junction\nReynoldsside, MO 42514'),(193,'Torp','Sherwood',3,'47093 Connelly Plain\nCristside, WA 23710'),(194,'Lubowitz','Barry',6,'7975 Schinner Points\nHalvorsonburgh, ID 17037'),(195,'Schroeder','Eino',7,'734 Haag Turnpike Suite 860\nEast Akeem, WA 28416'),(196,'Rice','Eliezer',2,'7737 Santino Branch Apt. 395\nNehaberg, RI 90146'),(197,'Olson','Godfrey',1,'6085 Prince Plaza Suite 857\nReillyport, WI 04354'),(198,'Williamson','Deondre',3,'7679 Torp Neck\nTimmothyberg, OH 16075'),(199,'Kling','Kade',3,'314 Morar Causeway Suite 634\nRickyside, MS 98156-7574'),(200,'Hand','Enid',3,'8007 Klein Trace\nEstherport, OR 33009');
/*!40000 ALTER TABLE `employee` ENABLE KEYS */;
UNLOCK TABLES;

--
-- Table structure for table `office`
--

DROP TABLE IF EXISTS `office`;
/*!40101 SET @saved_cs_client     = @@character_set_client */;
/*!50503 SET character_set_client = utf8mb4 */;
CREATE TABLE `office` (
  `id` int NOT NULL AUTO_INCREMENT,
  `name` varchar(45) NOT NULL,
  `contactnum` varchar(45) DEFAULT NULL,
  `email` varchar(45) DEFAULT NULL,
  `address` varchar(45) DEFAULT NULL,
  `city` varchar(45) DEFAULT NULL,
  `country` varchar(45) DEFAULT NULL,
  `postal` int DEFAULT NULL,
  PRIMARY KEY (`id`)
) ENGINE=InnoDB AUTO_INCREMENT=201 DEFAULT CHARSET=utf8mb4 COLLATE=utf8mb4_0900_ai_ci;
/*!40101 SET character_set_client = @saved_cs_client */;

--
-- Dumping data for table `office`
--

LOCK TABLES `office` WRITE;
/*!40000 ALTER TABLE `office` DISABLE KEYS */;
INSERT INTO `office` VALUES (1,'Computer Studies Department','433-5684','csd@psu.palawan.edu.ph','IT Building','Puerto Princesa','Philippines',5300),(2,'CS Dean\'s Office','433-5686','cs@psu.palawan.edu.ph','CS Building','Puerto Princesa','Philippines',5300),(3,'Creative Code Inc.','433-5685','cci@gmail.com','Under Building','Puerto Princesa','Philippines',5300),(4,'Creative Code Inc.','433-5685','cci@gmail.com','Under Building','Puerto Princesa','Philippines',5300),(5,'Office of the President','433-1234','oup@psu.palawan.edu.ph','Admin building','Puerto Princesa','Philippines',5300),(6,'Collins and Sons','+16788226531','zane.armstrong@stracke.info','86945 Marlene Ridge\nBahringerland, UT 11367','East Martine','Chile',58301),(7,'Wuckert, White and Lowe','+16167326922','josianne.hills@leuschke.com','755 Leuschke Lodge\nNew Dexter, KY 57680','East Nicoton','Brazil',73158),(8,'Flatley, Dickens and Schuppe','+17276334642','zokon@hills.com','128 Orval Union\nVonfurt, GA 24109','South Santinamouth','United States Minor Outlying Islands',22074),(9,'Kuhlman, Keeling and Willms','+18725035519','skye10@gmail.com','90123 Leannon Burg\nEast Mazie, MI 76521-5462','Kochshire','Slovakia (Slovak Republic)',73529),(10,'Mayert, Sauer and Dickinson','+15347169309','garrison16@hotmail.com','486 Ole Oval Suite 005\nRavenport, KY 22923','Lake Rileybury','Peru',35736),(11,'Senger, Franecki and Thiel','+15349338416','weissnat.isabell@mcclure.com','35836 Marlen Radial\nOpalview, SC 35359-1643','Hettingerburgh','Bouvet Island (Bouvetoya)',53902),(12,'Terry, Maggio and Dibbert','+17012531793','mdicki@hotmail.com','61893 Stewart Hills\nSimonismouth, AK 09843','Jamarmouth','Philippines',75476),(13,'Johnston-Marks','+16824093886','mraz.karine@wintheiser.com','339 Ritchie Dam\nSouth Vicenta, NM 76379','South Ian','Kyrgyz Republic',72332),(14,'Cole and Sons','+18704475221','bhuels@yahoo.com','401 Towne Isle\nEast Zenafort, NM 49244','Eldoraton','Isle of Man',58499),(15,'Beahan and Sons','+13167460706','gmarks@yahoo.com','399 Nienow Flats\nHayesborough, MA 54868-9176','East Pauline','Chad',7441),(16,'Muller-Roberts','+14453145612','lorenzo82@hotmail.com','12645 Steuber Fields\nMaryland, VT 24801','Gisselletown','Swaziland',17333),(17,'Armstrong PLC','+16817323580','morar.armand@gmail.com','82618 Judy Pike\nSouth Sarina, VT 60484-2696','East Cordelia','Costa Rica',72731),(18,'Paucek, McGlynn and Reichert','+12403097265','norwood98@yahoo.com','179 Antonia Green\nSouth Rogers, HI 23972','Juniorview','Barbados',60059),(19,'Hintz-Brakus','+12194914095','russel.tobin@moen.biz','859 Velma Forks\nNew Brandifurt, AK 18359-3576','Jaredmouth','Serbia',55541),(20,'Kuvalis Ltd','+12519464852','spencer.lenna@hotmail.com','609 Turner Station\nLake Gerson, OR 12430-1884','Ondrickahaven','Kazakhstan',44005),(21,'Hammes, Thiel and Lakin','+13234039359','hlangosh@gmail.com','202 McGlynn Courts\nPort Moseshaven, NE 54980','Gorczanyborough','Panama',40416),(22,'Cronin LLC','+16317819924','leanne.senger@gmail.com','523 Raheem Key\nPort Bettye, WV 43632-7581','North Yasmineville','Thailand',84160),(23,'Murray-Thiel','+16404454803','wcarter@gmail.com','4135 Cathryn Skyway\nTrentstad, NV 23800-1628','Gulgowskiburgh','India',14185),(24,'Jast-Wilkinson','+13232175570','jaron.steuber@schimmel.com','9936 Roscoe Falls\nMandyhaven, MD 72223-1338','Beckerberg','Armenia',14709),(25,'Jenkins, Jacobson and Veum','+18284109487','destiny.olson@gmail.com','4940 Kuhn Mews\nPacochaview, NY 59262','Theodorafort','Swaziland',24066),(26,'Anderson, Hansen and Kutch','+17329233334','gage.larkin@hotmail.com','128 Schmitt Views\nPort Albina, KS 29158-3408','New Jorge','Mongolia',10366),(27,'Willms, Kuhn and Buckridge','+19854930728','cielo36@nolan.info','760 Nyah Rapid\nSavanahborough, NV 11429','Lake Gretabury','Kiribati',46105),(28,'Rodriguez, Johnston and Rice','+16515607762','sarah.mcglynn@yahoo.com','32411 Bradtke Flats\nSpinkamouth, IL 42064','Port Giovanna','Burkina Faso',1430),(29,'Jacobson Inc','+16169770248','matilde64@beer.net','477 Kessler Street\nSengerland, TN 76832-5728','Port Enrique','Congo',13075),(30,'Brown-Reynolds','+12405722860','vabbott@skiles.com','565 Stokes Mill\nStephanyhaven, NY 81082-1985','Roryfort','Eritrea',65437),(31,'Cummings LLC','+18438656467','cassie41@hotmail.com','5823 Lydia Oval\nPort Viva, MN 03702-6834','Hauckburgh','Cambodia',8600),(32,'Baumbach PLC','+18085684419','gerhard.hermiston@frami.com','540 Zulauf Throughway\nMurphyland, GA 51831','Legrosport','Luxembourg',36609),(33,'Gislason Inc','+15209213040','jewel.champlin@monahan.com','8008 Zora Forges\nJoshview, NE 96593-3210','Asafurt','Bahamas',69994),(34,'Brekke-Effertz','+13158488795','trey.ferry@yahoo.com','43088 Kuhic Well\nInesmouth, GA 36304-6294','West Carterport','Spain',13259),(35,'Lakin, Murray and Predovic','+18478966732','tressie.hill@ortiz.com','594 Dino Trace\nTiffanyland, CA 27804-0799','Tamarabury','Madagascar',67206),(36,'Bernhard-Bergstrom','+12295949666','ashlynn.pagac@blanda.com','3443 Nienow Dam\nJeanneville, MN 54123-1528','North Bernadette','Bosnia and Herzegovina',87524),(37,'Prohaska-Kuhic','+17857906954','doberbrunner@yahoo.com','256 Bella Islands\nEunatown, AR 70510-5999','Kinghaven','Saint Kitts and Nevis',89820),(38,'Murphy-Pfeffer','+19739684535','gdaniel@yahoo.com','413 King Curve Apt. 925\nDickimouth, NM 78595','Alexzanderville','New Caledonia',1870),(39,'Leuschke, Ziemann and Gerhold','+12408749022','carrie.labadie@gmail.com','40952 Edd Mills\nWest Arlene, AZ 78112-2870','West Gerardo','Martinique',23177),(40,'Schulist, Keeling and Wisozk','+17545391131','cummerata.joseph@breitenberg.net','16364 Wyman Field\nSouth Yadira, CT 97733','North Emmetfort','Antigua and Barbuda',5520),(41,'Conroy and Sons','+18635902862','jerad59@yahoo.com','957 Gudrun Ford\nNorth Payton, SC 72528','Wisokyshire','New Caledonia',51508),(42,'Terry-Wolff','+19085024709','norwood.cremin@yahoo.com','8515 Nat Ramp Apt. 148\nRogahnland, WA 06303','New Tavares','Thailand',77536),(43,'Bernier Ltd','+18182536939','laura50@leffler.com','93058 Hoeger Estates\nLake Roma, WA 58724','Skylarport','Gambia',98514),(44,'Metz, Wilderman and Fadel','+15102444246','roberts.julio@yahoo.com','604 Irwin Landing\nLake Harry, VT 33551-8148','Durwardton','Chile',87371),(45,'Shields, Abbott and Olson','+15303486044','libbie.grant@schroeder.com','700 Mueller Extension\nOmariberg, LA 20958','East Simeon','Ireland',61206),(46,'Jacobi LLC','+12314035673','kemmer.isaac@gibson.com','4487 Halle Mills\nNorth Jasonburgh, AL 81672','Davidview','French Southern Territories',47300),(47,'Orn, Spencer and Macejkovic','+14699540508','mpurdy@hotmail.com','38481 Kihn Trafficway\nPort Irving, AL 53460','Pedroborough','Haiti',33245),(48,'Emard, Veum and Durgan','+14245636338','sipes.aletha@cruickshank.com','94331 Letitia Glen\nCreminmouth, NJ 77473','Jenamouth','Ecuador',19538),(49,'Goyette Inc','+13464869496','reynolds.declan@gmail.com','75885 Tressie Ford\nMillerstad, NV 12231','Schmelerside','Western Sahara',25795),(50,'Smith-Kozey','+15809857214','kertzmann.jeanne@gmail.com','8144 Violette Crest\nShieldston, IA 01518-0376','Predovicborough','Christmas Island',26533),(51,'Moen-Erdman','+17797901767','slynch@yahoo.com','99544 Bode Ville\nSouth Kirsten, MO 81595-6183','North Sam','South Africa',46932),(52,'Crooks, Stamm and Kirlin','+13233871631','kara.white@schinner.org','5144 Delilah Pass\nPort Tyriqueton, CO 06386','Willbury','Bermuda',84379),(53,'Wunsch-Upton','+12282143845','kenyatta.auer@yahoo.com','854 Ernser Plains\nBaronmouth, NC 36844','Thomasburgh','Ukraine',36380),(54,'Kerluke-Marks','+19253888522','silas.zemlak@bins.com','2072 Kertzmann Key\nBednarbury, NV 37642','Olsontown','Equatorial Guinea',3579),(55,'Strosin-Grady','+12819183059','daisy79@stanton.info','9005 Hills Causeway\nHannahtown, CT 75386','New Manuelburgh','Angola',61081),(56,'Davis Ltd','+17126682993','dsipes@hotmail.com','5359 Kuhn Forks Apt. 079\nSouth Kira, WA 06737','Kassulkebury','El Salvador',22412),(57,'Schmeler-Dare','+15087672020','runte.providenci@heidenreich.biz','70721 Davis Trail\nTravontown, NM 53702','New Amara','Slovakia (Slovak Republic)',617),(58,'Skiles, Wyman and Schowalter','+16788997134','willow25@hotmail.com','141 Antwan Common\nAnkundingfort, AL 34164','Port Tateborough','Bermuda',30387),(59,'Koss, Champlin and Ernser','+18458256395','bins.roscoe@gmail.com','55699 Else Lodge\nSouth Alanis, VT 37057-4314','Port Maritza','Vanuatu',65682),(60,'Hodkiewicz-Schroeder','+12149459323','goodwin.felipe@sawayn.com','2475 Watsica Route\nGerlachview, OR 85854-1795','Reggieport','Turkey',19065),(61,'Terry-Rice','+13179048830','dpacocha@gmail.com','110 Beier Union\nGutmannport, SD 11339','New Billland','Ireland',59704),(62,'Bins and Sons','+15307463890','ewillms@reinger.info','715 Windler Stravenue\nCroninmouth, WA 20082','Shanahanton','Dominica',64871),(63,'Lockman and Sons','+14084728914','russel.kerluke@farrell.org','80781 Austyn Streets\nAniyafort, GA 70669','West Jordi','New Zealand',52311),(64,'Weissnat-Lynch','+18782477355','alva.treutel@beatty.biz','91300 Emmerich Lock\nCortezfurt, MO 29064','South Litzy','Lebanon',14936),(65,'Sipes, Jaskolski and West','+18208476767','raynor.rose@gmail.com','626 Lyla Fort Apt. 992\nNorth Reyes, AK 68088','Satterfieldview','Russian Federation',67766),(66,'Collins-Maggio','+16578292614','kyler.medhurst@gmail.com','558 Hackett Lock\nBoscomouth, UT 28450','Leonardostad','Nigeria',58559),(67,'Stehr, Borer and Macejkovic','+17735045475','alice19@gmail.com','344 King Fall\nLake Jamel, CA 67145','New Addisonstad','Sierra Leone',66955),(68,'Hilpert-Ruecker','+17272890700','michel.pacocha@kris.com','227 Jewell Oval\nPacochastad, VT 07118-2672','East Naomi','Iceland',42851),(69,'Satterfield Group','+12286965329','laurine67@leannon.com','2761 Glen Trace\nNew Antonettehaven, NC 77349','Michealton','Cape Verde',72065),(70,'McCullough-Gottlieb','+13852708313','dorthy11@hotmail.com','861 Paul Avenue\nLeopoldofurt, VT 76387','West Noel','Burkina Faso',2255),(71,'Rath, Roberts and Murphy','+19282271673','ymitchell@hotmail.com','7420 Zboncak Plains\nEast Rylee, CO 82979-6926','Batzview','Iceland',30228),(72,'Lesch Group','+17542780714','kaitlyn.hahn@gmail.com','39248 Diego Station\nEast Talon, FL 87066','Lake Kendrick','Philippines',93005),(73,'Durgan-Dietrich','+19405282608','trystan42@gmail.com','5786 Jones Ridge\nKaitlynburgh, IL 65497-7640','New Emerson','Yemen',85507),(74,'Mohr-Quigley','+13032671274','tbogisich@jones.com','4171 Flavie Station\nPort Alicia, AL 97815','East Darenborough','Guam',10143),(75,'Renner LLC','+16364692899','qbuckridge@hotmail.com','55990 Chelsea Dam\nHildegardmouth, OH 38530','Frederiquemouth','Swaziland',65201),(76,'Mayer, Kuhn and Boyle','+13148685669','brent47@gmail.com','33163 Blanca Rest\nWest Reta, WV 90288','South Jarrod','Papua New Guinea',40199),(77,'Medhurst Group','+14587495284','jamal.schmitt@boehm.info','2333 Jacques Isle\nStrackeborough, MN 01412','North Alexandreafurt','Indonesia',54521),(78,'Herman PLC','+15395357080','kreiger.noble@gmail.com','32822 Dax Isle\nAdelatown, MS 53062','North Ewell','Hungary',17958),(79,'Hudson-Kautzer','+15022570884','sanford.jayson@hotmail.com','4546 Terrill Prairie\nRyannside, DC 68693-0469','South Antoniaton','Gambia',68171),(80,'Rice-Boehm','+18439983204','schowalter.rhett@oberbrunner.org','834 Conroy Square\nSouth Darbyfort, IN 45723','East Sallyhaven','Senegal',80684),(81,'West-Pacocha','+16825855607','bcartwright@gmail.com','3004 Anderson Way\nLake Annetta, NH 40528','Tyreseview','Benin',32857),(82,'Gutmann PLC','+19477108097','green.ezra@hotmail.com','76769 Moore Crossing\nEast Olafville, WY 40860','North Laverne','United Kingdom',49214),(83,'Heathcote Group','+18589915341','ygrant@hickle.com','827 Kristin Islands\nMaximobury, DC 33305-0241','Kaceyhaven','Mozambique',94358),(84,'Gislason-Lesch','+13394966045','williamson.derek@bailey.com','3481 Nitzsche Fall\nConroyton, WA 24284','Torphyfurt','Guinea',4139),(85,'Bernier-Macejkovic','+13513997925','bailey.pearline@yahoo.com','625 Batz Run Suite 804\nSouth Jordi, OK 43199','Heleneville','Marshall Islands',24918),(86,'Bins-Windler','+14322969159','jesus45@gmail.com','4010 Aubree Crest Apt. 597\nLiamberg, VT 07863','South Kailynville','Cayman Islands',12134),(87,'Cassin, Senger and Bashirian','+18324133528','reyes.wilderman@hotmail.com','171 Tate Glen Suite 311\nAlbinaport, AK 61841','Lake Haven','Hong Kong',77733),(88,'Cartwright-Kuhn','+12696297671','davis.trycia@schumm.com','5672 Beer Lane\nMasonville, KS 75865-5266','North Elton','Holy See (Vatican City State)',86420),(89,'Moen-Rogahn','+19802264503','wolff.kurt@mohr.net','25770 Hahn Walk\nEast Kirkfort, WV 75587','Lake Lelia','Eritrea',79935),(90,'Nader LLC','+12192740217','chesley27@harber.com','304 Korey Union Suite 093\nTorpport, CT 09856','Celinefort','Niue',6237),(91,'Hessel PLC','+16827913336','emcglynn@brakus.org','4636 Nikolaus Ports\nSmithchester, WV 63303','New Keanuport','Papua New Guinea',51321),(92,'Strosin Inc','+18579495847','samir.hagenes@rolfson.org','7675 Sipes Shoal\nAufderharmouth, NC 44640','Rolfsonville','United States Virgin Islands',56265),(93,'Swaniawski, Williamson and Metz','+16175405209','carmine02@hotmail.com','6427 Davis Valleys\nOrieland, NM 64154','South Ilene','Cocos (Keeling) Islands',25794),(94,'Reilly Inc','+16177463663','judy51@von.com','476 Feil Lakes\nTrevaport, FL 23611-3270','Collierside','Iceland',8712),(95,'Simonis-Kovacek','+14584791067','cody.gerlach@smith.com','6319 Moshe Rapid Apt. 619\nPort Kyra, ND 57826','South Chaimport','Liberia',36722),(96,'Hammes, Smitham and Schiller','+18328786453','schroeder.frances@gmail.com','79209 Tillman Inlet\nTorpberg, CT 02082','Kristyview','Micronesia',45366),(97,'Kutch Ltd','+17028533000','carroll04@yahoo.com','537 Bartell Roads\nWillowton, ME 27972','South John','Bulgaria',35713),(98,'Hauck and Sons','+15417241822','hahn.erick@hotmail.com','53675 Wiza Springs\nPort Lizaberg, WV 86928','West Shanelle','Mayotte',38434),(99,'Lemke, King and Rempel','+14352713719','jailyn45@yahoo.com','235 Trey Spring\nWatsicashire, VT 45826','Rubytown','Guinea',54480),(100,'Mayert, Jast and Hauck','+18722378029','zack16@mayer.org','9319 Larkin Fort Apt. 888\nWest Nova, IN 85217','North Hunter','Niue',94879),(101,'DuBuque Ltd','+13643683769','ykub@kulas.com','82319 Turner Falls\nMarkschester, OR 68552','Doylemouth','Jersey',35975),(102,'Hagenes Ltd','+15202837723','oconnell.pearl@yahoo.com','826 Khalil Plains\nMcClureborough, AL 89407','Brantville','Cape Verde',57766),(103,'Hintz, Dietrich and Padberg','+18285792144','hosinski@hammes.net','65240 Rath Curve\nBrisaland, LA 31021','Port Chestermouth','Comoros',72583),(104,'Walsh, Koelpin and Turcotte','+16696029213','kaelyn.schumm@yahoo.com','657 Friesen Center\nRoweville, IN 09662','Lake Obietown','Guernsey',23619),(105,'Hoeger Ltd','+18312678188','raynor.jamison@harris.com','1677 Mya Stravenue\nLake Elena, AR 67436-5690','Stanbury','Falkland Islands (Malvinas)',89624),(106,'Jast, Kerluke and Bogan','+14844683383','strosin.naomi@hotmail.com','685 Zemlak Isle\nPort Willafort, IA 08011','Sandrinefurt','Macedonia',67840),(107,'Abernathy Group','+18568180757','lesley.graham@hotmail.com','93171 Rosenbaum StreamKoelpinmouth, AR 75350','Port Leorahaven','Pitcairn Islands',30889),(108,'Osinski-Larson','+12628983996','della84@yahoo.com','5358 Weldon Way Suite 072\nBeierport, NC 20683','North Emie','Fiji',88079),(109,'Daniel, Conn and Rodriguez','+18102037310','sanford.marge@gmail.com','15928 Lind Square\nLake Lisette, SC 00962-6401','Hermanside','Trinidad and Tobago',87400),(110,'Cormier, Yost and Nader','+16616312293','marlin.goldner@gmail.com','54103 Stamm Rapids\nArnaldoburgh, NH 89435','Fernfurt','Kazakhstan',20866),(111,'Kshlerin-Dach','+19723469702','cassin.travon@mccullough.com','7110 Newton Hills\nBoscoburgh, MS 96178-3693','Toreyfort','Moldova',84489),(112,'Baumbach, Larkin and Bosco','+17172297750','ssawayn@haag.info','699 Margret Terrace\nHermanton, MA 00353','Gerholdtown','Bermuda',9152),(113,'Balistreri-Schaden','+13646921117','bartell.giovani@dach.com','244 Susana Course\nElinorton, ND 07574','West Americaside','Eritrea',56253),(114,'Ortiz, Jacobson and Reynolds','+19893826021','boyle.felicita@yahoo.com','916 Lupe Rapids\nLake Barbara, CO 62819','Pollichmouth','Palestinian Territories',51585),(115,'Donnelly, McClure and Dietrich','+16809183462','maida63@wolf.com','71808 Lehner Field\nAntonettebury, TX 38667','Filomenaville','Belarus',83969),(116,'Marquardt Group','+18138422326','rogers.okeefe@kiehn.com','17202 Ondricka Hills\nWebermouth, RI 31044','West Brisa','Thailand',85495),(117,'Beer, Spinka and Bode','+18048941495','xschaden@gmail.com','437 Edwin Estate Suite 878\nJohnston, ID 61121','Lake Candelarioberg','Iceland',77582),(118,'Schroeder-Fadel','+16092212726','delia.nader@champlin.net','28717 Ashton Cape\nWest Bertaberg, OK 51193','West Dayton','Chile',83004),(119,'Frami, Shanahan and Schaefer','+15312946732','satterfield.margaret@gmail.com','6996 Marquardt Port\nNew Oranshire, OK 08724','West Dion','Czech Republic',55121),(120,'Dicki Ltd','+13342837284','carmen81@kuhic.com','64726 Dawn Highway\nPort Johannshire, NJ 49213','Reillyhaven','Denmark',10550),(121,'Schamberger, Hansen and Ebert','+12258966233','nicolas.crooks@hotmail.com','50424 Carmela Street\nLizaville, GA 42154','North Julie','Puerto Rico',78732),(122,'Jacobi, Wiza and Goyette','+14329483364','alanna21@hotmail.com','27714 Ryan Drives\nSouth Dallas, AK 16264-1467','Padbergburgh','Taiwan',4282),(123,'Doyle-Fahey','+13419066801','billy38@gmail.com','2112 Hilda Island\nWest Stefan, MN 71645','Fletcherburgh','Ecuador',61051),(124,'Rau, Mosciski and Kuvalis','+17269605990','freida52@lakin.com','50792 Kaci Rapids\nEmeryland, TX 17832','Alyshaburgh','French Polynesia',33324),(125,'Schoen Ltd','+13868006523','walsh.onie@hotmail.com','41901 Fiona Plaza\nNew Cydney, OH 65138-2884','Beierburgh','Tokelau',91561),(126,'Harber, McGlynn and Christiansen','+17379972299','shanel.predovic@emard.biz','10960 Davis Courts\nBeiertown, NH 38033','Port Krystel','Macao',59451),(127,'Murphy LLC','+13463391893','tvonrueden@gmail.com','7322 Lane Ferry\nLake Eulahburgh, TX 30299','East Codyside','Denmark',38623),(128,'Auer Inc','+15514054564','elisha89@gmail.com','6648 Glover Rue\nNorth Marianne, MA 34184','Murphyhaven','Mali',57719),(129,'Willms Group','+15103955405','levi00@hotmail.com','95895 Toy Shores\nPort Alfredville, NV 17258','South Don','Uruguay',98906),(130,'Sauer-Schaden','+19092340373','glindgren@hotmail.com','165 Berge Mews\nKingshire, IN 38217','Daughertymouth','Rwanda',65127),(131,'Kuhic-Bruen','+19472655312','golda.pagac@yahoo.com','23023 Boyle Alley\nZackaryfort, IA 73827-6703','Lake Deanshire','Saudi Arabia',27681),(132,'Mann Ltd','+14636615057','lebsack.marcia@schmeler.com','56443 Kulas Station\nJermaineborough, SC 05922','East Kirstinhaven','Chad',83024),(133,'Fisher, Dibbert and Gleason','+13307087053','dashawn.erdman@hotmail.com','62331 Lauriane Loaf\nPort Kolbyhaven, ID 18919','West Norbert','Colombia',4018),(134,'Stracke PLC','+17179139565','daugherty.jamaal@yahoo.com','77141 Langosh Plain\nDevenport, AL 82092','East Bill','Senegal',33290),(135,'Hegmann-Schmidt','+14705515410','violet.johnston@moore.com','482 Noah Fields\nPort Celia, KS 24817','West Elda','Israel',733),(136,'Gleason LLC','+12729642669','craig.grady@wolf.net','1756 Vandervort Valley\nDaphneemouth, NY 93126','Rachaelton','Saint Martin',34702),(137,'Jaskolski Inc','+15753904620','aarmstrong@pfannerstill.com','931 Brandy Forest\nSouth Ethan, DC 44056-6838','East Brandynberg','Micronesia',52460),(138,'Cremin Inc','+16786569006','wraynor@halvorson.com','238 Kiehn Glens\nNorth Korey, MO 35408','Myrtleborough','Fiji',4504),(139,'Champlin-Koch','+17037669888','emil.durgan@gmail.com','8473 Crist Dam\nBernardstad, MT 04836-3944','Myrnaport','Australia',85358),(140,'Ullrich, Breitenberg and Gottlieb','+14699368333','qkoch@lesch.net','7437 Marks Mission\nSouth Deron, MI 37566','East Chasityport','San Marino',84359),(141,'Mann Ltd','+12768822430','ashley.kuhn@stoltenberg.org','61294 Effertz Fort\nMorarton, AR 35764','Wizafurt','Panama',37459),(142,'Ernser-Aufderhar','+17326668340','annette29@glover.com','43200 Carter Harbor\nWillmsport, CT 82235-5372','Jenkinsbury','Wallis and Futuna',72975),(143,'Graham Inc','+14245696866','pollich.maybelle@hotmail.com','921 Adams Camp Apt. 178\nKoeppstad, NM 86909','Shayleeville','Ecuador',78370),(144,'Goyette-Jenkins','+14258909487','judge44@hettinger.com','787 Considine Gardens\nNew Willport, NM 76576','Candacetown','Qatar',29118),(145,'Friesen PLC','+18285768531','hermiston.mose@gmail.com','8730 Larissa Curve\nWymanport, OR 71951','Port Susan','Turkey',13854),(146,'Mraz, Bayer and Gibson','+18707013504','wolf.gina@reinger.com','7127 Winnifred Loaf\nSouth Retaville, MI 17931','Greenholtland','Seychelles',69076),(147,'Donnelly-Roob','+16616129121','jolie12@auer.biz','6179 Fisher Isle\nNew Ada, IN 37476','South Heavenberg','China',20677),(148,'Beier-Kozey','+17326343177','klocko.favian@yahoo.com','61369 Orin Landing\nNorth Annaberg, IN 79551','New Benton','Honduras',67581),(149,'Gerhold Ltd','+16087584609','deven.reinger@gmail.com','4432 Ericka Lakes\nWest Earlineberg, OK 71727','Lake Micheal','Hong Kong',49921),(150,'Roob, Kihn and Langosh','+12097978584','camilla24@nader.com','30215 Kshlerin Bypass\nGulgowskifurt, GA 36269','Bartellside','Bulgaria',65728),(151,'Hauck-Rodriguez','+14633475245','mallory.johnson@yahoo.com','8667 Muller Plaza\nMohamedtown, ME 62653-1359','East Jermainhaven','Belgium',59959),(152,'Bogisich-Orn','+12675097596','ryan.alexandre@bauch.com','18115 Wunsch Bypass\nWest Roxane, IA 78633','South Jamisonborough','Syrian Arab Republic',80878),(153,'Hauck-Auer','+18208429150','adaniel@reichert.info','8527 Mante Hills\nLake Wilberburgh, MA 79440','Metabury','Malaysia',12289),(154,'Greenholt-Strosin','+15599231855','liza82@kassulke.com','3855 Senger Fields\nEast Greggland, PA 53628','Anthonymouth','Finland',49028),(155,'Romaguera-Schaden','+13149974518','watsica.garrison@hotmail.com','83694 Blick Route\nLake Colton, IA 47638','Roobton','Saint Barthelemy',18147),(156,'Kuhn Group','+17124688220','tamia20@yahoo.com','6614 Turcotte Drive\nFerrybury, MN 21498-2922','Brennonshire','Northern Mariana Islands',87568),(157,'Osinski, Blanda and Corkery','+16617188794','doyle.maymie@schmitt.com','6600 Zack Cliffs\nNorth Cristal, DE 19394','Krisborough','Somalia',17402),(158,'Nitzsche-Aufderhar','+14017571085','tracey.gibson@klocko.com','43485 Julio Valley\nNorth Marcelo, SD 31002','Waynemouth','Mauritius',98306),(159,'Ortiz and Sons','+16064425528','bschmeler@hotmail.com','418 Kiehn Drives Suite 950\nBorerton, MT 73847','East Nickolasmouth','Kyrgyz Republic',68865),(160,'Hoppe-Bechtelar','+15855016755','osinski.lucie@gleichner.com','6189 Demond Fall\nFeliciachester, WI 49477','Port Kristinton','Cuba',58954),(161,'Ruecker, Douglas and Steuber','+16203979322','london.casper@heathcote.net','718 Jacobi Streets Apt. 258\nOlenton, VT 52489','West Marisa','Netherlands',36412),(162,'Bogisich Ltd','+14583841257','wberge@hotmail.com','5355 Xavier Mountain\nBrownhaven, SC 59395','Lake Mariah','Saint Vincent and the Grenadines',44641),(163,'Hartmann and Sons','+16503020303','saul.tillman@yahoo.com','5779 Michaela Parks\nNew Yvette, WA 02596-9624','South Kyleeville','Guatemala',8086),(164,'Grant LLC','+15748685451','jacobs.haylee@yahoo.com','934 Kris Forge Apt. 503\nJaydefurt, TX 62797','Lake Ofelia','Trinidad and Tobago',47527),(165,'VonRueden-Goyette','+14106744475','spollich@turner.biz','173 Lindsey Locks\nAlanabury, OR 85298-8694','Port Kraigmouth','French Southern Territories',70618),(166,'Stroman-Mohr','+19302161744','trantow.hortense@yahoo.com','5596 Alana Meadows\nKileyfort, ID 04800','West Leaburgh','Lithuania',27817),(167,'Borer Inc','+19184874351','mavis40@klocko.com','189 Jaden Manors\nYasminetown, OR 74988-7281','Prosaccoview','Anguilla',80075),(168,'Frami-Raynor','+17634578965','ziemann.zachariah@yahoo.com','717 Robel Hollow Suite 348\nEast Ava, TX 84784','Lake Matildeland','Libyan Arab Jamahiriya',11969),(169,'Larkin-Bruen','+16283416675','ebechtelar@yahoo.com','88537 Sonya Oval\nNorth Shea, MS 92223-8591','New Valentina','Trinidad and Tobago',68617),(170,'Streich and Sons','+13643007131','annabelle00@yahoo.com','4397 Okey Lane\nSantinoport, GA 77296','East Rebekah','Denmark',31476),(171,'Botsford Inc','+16033232829','jayce.bergnaum@gmail.com','141 Hand Square\nLake Andresfurt, TN 12366','East Lola','Austria',90934),(172,'Stiedemann and Sons','+19473727431','duane.bechtelar@jerde.net','374 Sam Well\nAndyport, MN 60950','Virgilland','Venezuela',24895),(173,'Brekke-Sawayn','+18436134418','hayden99@abshire.com','61244 Kaden Throughway\nShaynaton, AK 78510','Ceciliaberg','Japan',37060),(174,'Grady, Hickle and Schuster','+18047543328','yconnelly@gmail.com','825 Alvera Plaza Apt. 795\nScotville, ID 48768','Melissahaven','Cocos (Keeling) Islands',73619),(175,'Donnelly-Jacobs','+12795366704','carleton.hirthe@hotmail.com','808 Ziemann Creek\nMosciskichester, AK 67999','Queeniefort','Wallis and Futuna',61253),(176,'Bayer, Wolff and Klocko','+16789300796','torrey53@streich.info','898 Orn Way\nNorth Dorothy, ND 68246','Boehmstad','Wallis and Futuna',86387),(177,'Herman LLC','+17577746075','hessel.charlotte@hotmail.com','7469 Will Pines Apt. 865\nCarterton, CT 74690','New Cecilfort','Niger',39404),(178,'Towne, Hirthe and Mosciski','+19798893299','guadalupe.reinger@gmail.com','338 Grayce Row Suite 347\nErdmanland, MI 47989','Hendersonmouth','Luxembourg',48283),(179,'Nolan PLC','+14343637343','gust.balistreri@yahoo.com','421 Richie Street\nKuhlmanfort, WI 74132','Lake Marina','Nigeria',44065),(180,'Gleason, Purdy and Abernathy','+13183329385','gerlach.angela@yahoo.com','5060 Mills Squares\nEast Blanca, MO 22582','Wisozkburgh','Burundi',708),(181,'Orn Inc','+19318774550','brendan38@yahoo.com','59834 Mireya Harbor\nTommouth, IA 11135','Lake Dewittport','Niue',91930),(182,'Okuneva, Friesen and Stehr','+12239181536','ignacio.kovacek@yahoo.com','236 Evalyn Union\nNew Erica, NV 44363-6294','Lake Alford','Ghana',48794),(183,'Abshire, Smitham and Hackett','+19065499273','nicolas.larson@kessler.info','15696 Hessel Road\nCullenview, DC 77990','Dustyside','Ghana',23372),(184,'Bosco, Lockman and Streich','+18307977598','cordell09@yundt.com','9179 Gislason Parkway\nBartholometon, RI 83999','New Evert','Holy See (Vatican City State)',51246),(185,'Kirlin-Bergstrom','+17314670018','leonor.green@von.com','9666 Modesto Fields\nNew Ophelia, NY 15274','Abbyport','Anguilla',9916),(186,'Wiegand-Kohler','+17548635114','dorris.hammes@zulauf.net','60970 Ryann Mills\nHillmouth, NH 06708-9831','Lake Virgilberg','Kenya',82966),(187,'Boehm Ltd','+16788106726','pbradtke@denesik.com','9737 Kertzmann Rue\nAutumnport, MS 64235','North Zolabury','Jordan',30494),(188,'Christiansen-Frami','+14403983939','qtreutel@graham.com','30962 Heber Grove\nDemetrishaven, OR 99839','Blockton','New Caledonia',14877),(189,'Kihn, Medhurst and Cassin','+12129943328','elroy86@gmail.com','305 Willms Dam\nEast Meggie, NH 87315-3105','Nathanialfurt','Sri Lanka',89702),(190,'Hessel Group','+15346313307','stewart.ryan@gmail.com','782 Zulauf Oval\nPort Mckenna, IN 82374','Kohlerborough','Swaziland',47134),(191,'Torphy, Spinka and Treutel','+19198629864','avon@yahoo.com','8215 America Flat\nSouth Zoila, PA 08059-0563','Lailastad','Christmas Island',35870),(192,'Schuppe, Schmitt and Ankunding','+16783237856','kling.rahul@heathcote.com','3070 Ima Summit\nSchusterland, CO 24915','Blickhaven','Greece',6915),(193,'Emard-Corwin','+19476164531','tatyana21@hotmail.com','251 Eve Branch\nHettingerfurt, AR 46646-1230','South Geovany','Oman',38712),(194,'Marvin Group','+15803865118','ovolkman@gmail.com','38851 Carmela Walk\nNew Amparo, WI 98514-5245','Dollyfort','Tanzania',11169),(195,'Barton LLC','+15173203258','madilyn.mayert@raynor.info','320 Schiller Forge\nEast Nicole, DE 01483','East Colleen','Trinidad and Tobago',4160),(196,'Dicki and Sons','+14434882788','gchristiansen@yahoo.com','98050 Aric Oval\nUrsulaborough, TN 07010','Robelport','Tanzania',96131),(197,'Bergnaum-Hodkiewicz','+17545191050','carroll.victor@hotmail.com','7528 Towne Park\nMyrtiston, DE 50503-3569','Haleyborough','Iran',84520),(198,'Monahan LLC','+15419862881','shayna44@krajcik.com','60667 Hickle Roads\nPort Eino, ID 07681','Durganside','Hong Kong',44301),(199,'Kassulke, Grant and Kozey','+17242908582','cummings.sandrine@cole.com','11783 Batz Corner\nSouth Berry, ME 30081','South Clifton','Thailand',75946),(200,'Rohan-Marquardt','+18704638872','trowe@muller.com','5757 Frieda Pine\nPort Morgan, WY 52287-4439','East Gonzalostad','United Arab Emirates',97694);
/*!40000 ALTER TABLE `office` ENABLE KEYS */;
UNLOCK TABLES;

--
-- Table structure for table `transaction`
--

DROP TABLE IF EXISTS `transaction`;
/*!40101 SET @saved_cs_client     = @@character_set_client */;
/*!50503 SET character_set_client = utf8mb4 */;
CREATE TABLE `transaction` (
  `id` int NOT NULL AUTO_INCREMENT,
  `employee_id` int DEFAULT NULL,
  `office_id` int DEFAULT NULL,
  `datelog` datetime DEFAULT CURRENT_TIMESTAMP,
  `action` enum('IN','OUT','COMPLETE') DEFAULT NULL,
  `remarks` varchar(100) DEFAULT NULL,
  `documentcode` varchar(45) NOT NULL,
  PRIMARY KEY (`id`)
) ENGINE=InnoDB AUTO_INCREMENT=8 DEFAULT CHARSET=utf8mb4 COLLATE=utf8mb4_0900_ai_ci;
/*!40101 SET character_set_client = @saved_cs_client */;

--
-- Dumping data for table `transaction`
--

LOCK TABLES `transaction` WRITE;
/*!40000 ALTER TABLE `transaction` DISABLE KEYS */;
INSERT INTO `transaction` VALUES (1,1,1,'2022-03-19 09:55:16','IN','Signed','100'),(2,2,2,'2022-03-19 09:55:37','OUT','Signed','100'),(3,1,1,'2022-03-19 09:55:53','COMPLETE','Signed','100'),(4,3,1,'2022-03-19 09:55:30','OUT','Signed','100'),(5,3,2,'2022-03-19 09:55:32','IN','For approval','100'),(6,3,3,'2022-03-19 09:55:17','IN','Signed','101'),(7,3,3,'2022-03-19 09:59:16','OUT','Signed','101');
/*!40000 ALTER TABLE `transaction` ENABLE KEYS */;
UNLOCK TABLES;
/*!40103 SET TIME_ZONE=@OLD_TIME_ZONE */;

/*!40101 SET SQL_MODE=@OLD_SQL_MODE */;
/*!40014 SET FOREIGN_KEY_CHECKS=@OLD_FOREIGN_KEY_CHECKS */;
/*!40014 SET UNIQUE_CHECKS=@OLD_UNIQUE_CHECKS */;
/*!40101 SET CHARACTER_SET_CLIENT=@OLD_CHARACTER_SET_CLIENT */;
/*!40101 SET CHARACTER_SET_RESULTS=@OLD_CHARACTER_SET_RESULTS */;
/*!40101 SET COLLATION_CONNECTION=@OLD_COLLATION_CONNECTION */;
/*!40111 SET SQL_NOTES=@OLD_SQL_NOTES */;

-- Dump completed on 2023-03-20  0:14:29
